requesterUsername,responderUsername,initialLocation,requestId,messageText
jdb130496,GitHub Copilot,panel,request_42d3df7d-31b5-4cb2-852c-69275f25feaa,"Following is struture of my xml where description in certain lines extend below first line:  <TR> <TD>01/09 </TD>  <TD>Fedwire Credit Via: First Hawaiian Bank/121301015 B/O: Bruce Matson CO.Inc. Honolulu, </TD>  <TD>5,357.38 </TD> </TR>  <TR> <TD/>  <TD>HI 96816 Ref: Chase Nyc/Ctr/Bnf=Carvart Solutions, Inc. New York NY 10018-1905 US/Ac </TD>  <TD/> </TR>  <TR> <TD/>  <TD>-000000420788 Rfb=O/B Fst Haw Hono Bbi=/Bnf/Chase Bank/Time/15:46 Imad: </TD>  <TD/> </TR>  <TR> <TD/>  <TD>0109Mmqfmpqh000307 Trn: 0951631009Ff </TD>  <TD/> </TR>  <TR> <TD>01/09 </TD>  <TD>Remote Online Deposit 1001 </TD>  <TD>635,445.92 </TD> </TR>  <TR> <TD>01/10 </TD>  <TD>Orig CO Name:Balfour Beatty Orig ID:8714599721 Desc Date: CO Entry </TD>  <TD>2,942,307.00 </TD> </TR>  <TR> <TD/>  <TD>Descr:Draw27 Sec:CCD Trace#:051000013020214 Eed:250110 Ind ID:700000590 </TD>  <TD/> </TR>  <TR> <TD/>  <TD>Ind Name:Carvart Solutions, Inc Project Name: Jv0897-Eccles 1951 Re Novation And </TD>  <TD/> </TR>  <TR> <TD/>  <TD>Expansion P Draw: 27\ 394005787089 Trn: 0103020214Tc </TD>  <TD/> </TR>   Following is the python code which incorrectly copies lines of description below amount instead of first description line: import xml.etree.ElementTree as ET import csv import re  # Parse the XML file tree = ET.parse(""01 January 2025- RG Glass-Regular Account-decrypted.xml"") root = tree.getroot()  delimiter = '\u2023'  # Unicode character 'â€£'  with open(""jan25.csv"", 'w', newline='', encoding='utf-8') as f:     writer = csv.writer(f, delimiter=delimiter, quoting=csv.QUOTE_ALL)      description = """"     amount = """"     date = """"     for table in root.findall('.//Table'):         for row in table.findall('.//TR'):             csv_row = []             for cell in row:                 text = cell.text.strip() if cell.text else ''                 if re.match(r'\d{2}/\d{2}', text):  # Date pattern                     if date or description or amount:                         csv_row.append(date)                         csv_row.append(description)                         csv_row.append(amount)                         writer.writerow(csv_row)                         csv_row = []                         description = """"                         amount = """"                     date = text                 elif re.match(r'[-+]?(\d{1,3},)*\d{1,3}(\.\d+)?', text):  # Amount pattern                     amount = text                 else:                     description += "" "" + text if description else text             if date or description or amount:  # Only write non-empty rows                 csv_row.append(date)                 csv_row.append(description)                 csv_row.append(amount)                 writer.writerow(csv_row)                 date = """"                 description = """"                 amount = """" "
jdb130496,GitHub Copilot,panel,request_e13dd509-4129-41e0-889c-4941ec53781f,"Issue persists:  I see:  14-Jan	Book Transfer Credit B/O: Carvart Glass, Inc. New York NY 10018-1905 US Trn:	25,088.00  and the second line description just below amount: 3322565014Es   You need to track regex of amount and date and whatever comes after amount but before first field of next record - that is date has be embeded to the description line just before amount "
jdb130496,GitHub Copilot,panel,request_9b41f8bd-f02f-4568-a397-3d83f23989d5,Still messed up data is seen. Just track that each record starts with date so between two dates what even comes has to be checked whether it matches amount regeex then it should be stored as amount else all descriptions should be embeded.
jdb130496,GitHub Copilot,panel,request_2a6b0214-858f-4d28-8926-0fae97299e09,Still I see:  15-Jan		 01/15 Online Payment 23392185025 To Leaf		318.96  Date in first line and rest of the fields in second line.
jdb130496,GitHub Copilot,panel,request_8f1c12a0-db07-4a83-b2b3-0d0d692ce186,"Is there a scope to optimize below code. Due to typical nature of serial processing required as generated ouput requires trackng of date and amount anchors for description extending to multiple lines, to be merged correctly, the code may run slow:  import xml.etree.ElementTree as ET import pandas as pd import re import csv  # Parse the XML file xml_file = ""01 January 2025- RG Glass-Regular Account-decrypted.xml"" tree = ET.parse(xml_file)  # Get the root element of the XML root = tree.getroot()  # Initialize a list to store the rows rows = []  # Find all 'Table' elements in the XML for table in root.findall('.//Table'):     # Find all 'TR' elements within each 'Table'     for row in table.findall('.//TR'):         for cell in row:             if cell.text and cell.text.strip():                 rows.append(cell.text.strip())  # Create a DataFrame from the rows df = pd.DataFrame(rows, columns=['Data'])  # Define regex patterns for dates and amounts date_pattern = r'^\d{2}/\d{2}$' amount_pattern = r'^-?\$?\d{1,3}(,\d{3})*(\.\d{2})$'  # Use stack and unstack to optimize and not iterate through looping stacked_df = df.stack() date_anchors = stacked_df[stacked_df.str.match(date_pattern)].index.get_level_values(0).tolist() amount_anchors = stacked_df[stacked_df.str.match(amount_pattern)].index.get_level_values(0).tolist()  # Initialize lists to store the final columns dates = [] descriptions = [] amounts = []  # Iterate over date anchors to capture descriptions between them for i in range(len(date_anchors) - 1):     lower_index = date_anchors[i]     higher_index = date_anchors[i + 1]          # Capture the date     dates.append(df.iloc[lower_index]['Data'])          # Initialize a list to store description parts     description_parts = []          # Initialize a variable to store the amount (only one amount per date range)     amount_found = False          # Iterate over rows between two date anchors     for j in range(lower_index + 1, higher_index):         data = df.iloc[j]['Data']         if re.match(amount_pattern, data) and not amount_found:             amounts.append(data)             amount_found = True         elif not re.match(amount_pattern, data):             description_parts.append(data)          # Merge description parts with ' ' space in between     descriptions.append(' '.join(description_parts))          # If no amount was found in this range, append an empty string to amounts     if not amount_found:         amounts.append('')  # Ensure all lists are of the same length by padding with empty strings if necessary max_length = max(len(dates), len(descriptions), len(amounts)) dates.extend([''] * (max_length - len(dates))) descriptions.extend([''] * (max_length - len(descriptions))) amounts.extend([''] * (max_length - len(amounts)))  # Create the final DataFrame with dates, descriptions, and amounts final_df = pd.DataFrame({     'Date': dates,     'Description': descriptions,     'Amount': amounts }) final_df.to_csv('final_output.csv', index=False, quoting=csv.QUOTE_ALL)"
jdb130496,GitHub Copilot,panel,request_22aa3350-d545-4308-8c61-8502f75619ac,"Code wrongly generates total line for deposit and withdrawals as per bank PDF.   Wrong lines:  Deposit: 31-Jan	Orig CO Name:Plaza Constructi Orig ID:2822420000 Desc Date: CO Entry Descr:Draw35 Sec:CCD Trace#:022000023177901 Eed:250131 Ind ID:2001158 Ind Name:Carvart Solutions, Inc Project Name: 126 E. 57th St Draw: 35 Payment From: Plaza Construction LLC 000024228 Trn: 0313177901Tc Total Deposits and Additions DATE DESCRIPTION AMOUNT	 $4,909,895.25   Electronic Payments:  31-Jan	01/31 Online International Wire Transfer A/C: National Westminster Bank Plc London United Kingdom Ec2M -4Aa Gb Ref: Invoice Payment Trn: 4088195031Es Total Electronic Withdrawals DATE DESCRIPTION AMOUNT	 $4,728,290.20    Correct last lines for each segment - Deposit and electronic payment:  Deposit:  01/31/2025	Orig CO Name:Plaza Constructi Orig ID:2822420000 Desc Date: CO Entry Descr:Draw35 Sec:CCD Trace#:022000023177901 Eed:250131 Ind ID:2001158 Ind Name:Carvart Solutions, Inc Project Name: 126 E. 57th St Draw: 35 Payment From: Plaza Construction LLC 000024228 Trn: 0313177901Tc Total Deposits and Additions DATE DESCRIPTION AMOUNT	 $0.01    Electronic Payment: 01/31/2025	01/31 Online International Wire Transfer A/C: National Westminster Bank Plc London United Kingdom Ec2M -4Aa Gb Ref: Invoice Payment Trn: 4088195031Es Total Electronic Withdrawals DATE DESCRIPTION AMOUNT	 $10,000.00   Following line is not generated at all which comes in the section Other withdrawals immediately after Electronic withdrawals:  01/21/2025	Deposited Item Returned Stop Payment Items00001Ck#:0000065200 Date011525Ck Amt0000193828 099007523 Dep Amt0000773759 # of Dep Total Other Withdrawals DAILY ENDING BALANCE DATE AMOUNT DATE AMOUNT DATE AMOUNT	 $1,938.28  "
jdb130496,GitHub Copilot,panel,request_d17019bc-4e17-4d5c-b093-e388e72ae905,"total Lines are like this: Total Deposits and Additions $4,909,895.25 Total Electronic Withdrawals $4,728,290.20 Total Other Withdrawals $1,938.28"
jdb130496,GitHub Copilot,panel,request_6bc378c8-59db-4983-8440-d476642ec961,"why you did not change this after my input about totals:  total_pattern = r'^Total (Deposits and Additions|Electronic Withdrawals|Other Withdrawals) \$?[-+]?(\d{1,3},)*\d{1,3}(\.\d+)?$'"
jdb130496,GitHub Copilot,panel,request_fb4dfc44-4bb1-450a-879b-39bb56001647,"Still last line generated in each section except other withdrawals are wrong:  31-Jan	01/31 Online International Wire Transfer A/C: National Westminster Bank Plc London United Kingdom Ec2M -4Aa Gb Ref: Invoice Payment Trn: 4088195031Es Total Electronic Withdrawals DATE DESCRIPTION AMOUNT	$4,728,290.20   In this last line of electronic withdrawals, the total of all electronic withdrawals amount appear. Actually amount should be 10,000   Similar error is seen in last line of deposits."
jdb130496,GitHub Copilot,panel,request_f5961ea6-0c72-4ef0-835c-71e20acc32ff,"Why you are focussing on total_pattern. My original code nowhere does that See that code:  import xml.etree.ElementTree as ET import pandas as pd import re import csv  # Parse the XML file xml_file = ""01 January 2025- RG Glass-Regular Account-decrypted.xml"" tree = ET.parse(xml_file)  # Get the root element of the XML root = tree.getroot()  # Initialize a list to store the rows rows = []  # Find all 'Table' elements in the XML for table in root.findall('.//Table'):     # Find all 'TR' elements within each 'Table'     for row in table.findall('.//TR'):         for cell in row:             if cell.text and cell.text.strip():                 rows.append(cell.text.strip())  # Create a DataFrame from the rows df = pd.DataFrame(rows, columns=['Data'])  # Define regex patterns for dates and amounts date_pattern = r'^\d{2}/\d{2}$' amount_pattern = r'^-?\$?\d{1,3}(,\d{3})*(\.\d{2})$'  # Use stack and unstack to optimize and not iterate through looping stacked_df = df.stack() date_anchors = stacked_df[stacked_df.str.match(date_pattern)].index.get_level_values(0).tolist() amount_anchors = stacked_df[stacked_df.str.match(amount_pattern)].index.get_level_values(0).tolist()  # Initialize lists to store the final columns dates = [] descriptions = [] amounts = []  # Iterate over date anchors to capture descriptions between them for i in range(len(date_anchors) - 1):     lower_index = date_anchors[i]     higher_index = date_anchors[i + 1]          # Capture the date     dates.append(df.iloc[lower_index]['Data'])          # Initialize a list to store description parts     description_parts = []          # Initialize a variable to store the amount (only one amount per date range)     amount_found = False          # Iterate over rows between two date anchors     for j in range(lower_index + 1, higher_index):         data = df.iloc[j]['Data']         if re.match(amount_pattern, data) and not amount_found:             amounts.append(data)             amount_found = True         elif not re.match(amount_pattern, data):             description_parts.append(data)          # Merge description parts with ' ' space in between     descriptions.append(' '.join(description_parts))          # If no amount was found in this range, append an empty string to amounts     if not amount_found:         amounts.append('')  # Ensure all lists are of the same length by padding with empty strings if necessary max_length = max(len(dates), len(descriptions), len(amounts)) dates.extend([''] * (max_length - len(dates))) descriptions.extend([''] * (max_length - len(descriptions))) amounts.extend([''] * (max_length - len(amounts)))  # Create the final DataFrame with dates, descriptions, and amounts final_df = pd.DataFrame({     'Date': dates,     'Description': descriptions,     'Amount': amounts }) final_df.to_csv('final_output.csv', index=False, quoting=csv.QUOTE_ALL) "
jdb130496,GitHub Copilot,panel,request_34494f21-5f30-452a-9f1d-2a8aab6a420c,"See xml partial extract where you are making mistake: I am showing only for deposits:  <TR> <TD>01/31 </TD>  <TD>Orig CO Name:Plaza Constructi </TD>  <TD>Orig ID:2822420000 Desc Date: </TD>  <TD>CO Entry </TD>  <TD>0.01 </TD> </TR>  <TR> <TD>Descr:Draw35 </TD>  <TD>Sec:CCD </TD>  <TD>Trace#:022000023177901 Eed:250131 </TD>  <TD>Ind ID:2001158 </TD>  <TD/> </TR>  <TR> <TD>Ind Name:Carvart Solutions, Inc </TD>  <TD>Project Name: 126 E. 57th St Draw: 35 Payment From: </TD>  <TD/> </TR>  <TR> <TD>Plaza Construction LLC </TD>  <TD>000024228 Trn: 0313177901Tc </TD>  <TD/> </TR>  <TR> <TD>Total Deposits and Additions </TD>  <TD>$4,909,895.25 </TD> </TR>  As you can see, you have captured total amount instead of 0.01. Perhaps you are not tracking the last lines properly. Last line amount should be the amount before Totals. So if totals anchor is caotured you have to see amount capture before that not after that Here it is 0.01 - the correct. Similar logic follow for withdrawals."
